AA,Codon,Translation_rate
A,GCA,0.0883737121382594
A,GCC,0
A,GCG,0.0883737121382594
C,TGC,0
D,GAC,0
E,GAA,-0.323678413566054
F,TTC,0
G,GGA,0.207555178268251
G,GGC,0
G,GGG,0.343655564368637
H,CAC,0
I,ATA,0.329507290458054
I,ATC,0
K,AAA,0.101176139070226
L,CTA,0.0680573148735674
L,CTC,0.794058040874293
L,CTG,0.0680573148735674
L,CTT,0.794058040874293
L,TTA,0.0455142986999774
N,AAC,0
P,CCA,-0.311584737814246
P,CCC,0
P,CCG,-0.311584737814246
Q,CAA,-0.773068201639631
R,AGA,-0.215900674236235
R,AGG,0.425933739175858
R,CGA,0
R,CGC,0
R,CGG,8.80762297192892
S,TCA,0.111638858441928
S,TCC,0
S,TCG,0.802941020332325
T,ACA,0.118485882885413
T,ACC,0
T,ACG,0.788343854037285
V,GTA,0.326291773660195
V,GTC,0
V,GTG,0.365723302453426
Y,TAC,0
Z,AGC,0
