AA,Codon,Translation_rate
A,GCA,0.00883737121382594
A,GCC,0
A,GCG,0.00883737121382594
C,TGC,0
D,GAC,0
E,GAA,-0.0323678413566054
F,TTC,0
G,GGA,0.0207555178268251
G,GGC,0
G,GGG,0.0343655564368637
H,CAC,0
I,ATA,0.0329507290458054
I,ATC,0
K,AAA,0.0101176139070226
L,CTA,0.00680573148735674
L,CTC,0.0794058040874293
L,CTG,0.00680573148735674
L,CTT,0.0794058040874293
L,TTA,0.00455142986999774
N,AAC,0
P,CCA,-0.0311584737814246
P,CCC,0
P,CCG,-0.0311584737814246
Q,CAA,-0.077306820163963
R,AGA,-0.0215900674236235
R,AGG,0.0425933739175858
R,CGA,0
R,CGC,0
R,CGG,0.880762297192892
S,TCA,0.0111638858441928
S,TCC,0
S,TCG,0.0802941020332325
T,ACA,0.0118485882885413
T,ACC,0
T,ACG,0.0788343854037285
V,GTA,0.0326291773660195
V,GTC,0
V,GTG,0.0365723302453426
Y,TAC,0
Z,AGC,0
