AA,Codon,Translation_rate
A,GCA,8.83737121382594e-06
A,GCC,0
A,GCG,8.83737121382594e-06
C,TGC,0
D,GAC,0
E,GAA,-3.23678413566054e-05
F,TTC,0
G,GGA,2.07555178268251e-05
G,GGC,0
G,GGG,3.43655564368637e-05
H,CAC,0
I,ATA,3.29507290458054e-05
I,ATC,0
K,AAA,1.01176139070226e-05
L,CTA,6.80573148735674e-06
L,CTC,7.94058040874293e-05
L,CTG,6.80573148735674e-06
L,CTT,7.94058040874293e-05
L,TTA,4.55142986999774e-06
N,AAC,0
P,CCA,-3.11584737814246e-05
P,CCC,0
P,CCG,-3.11584737814246e-05
Q,CAA,-7.73068201639631e-05
R,AGA,-2.15900674236235e-05
R,AGG,4.25933739175858e-05
R,CGA,0
R,CGC,0
R,CGG,0.000880762297192892
S,TCA,1.11638858441928e-05
S,TCC,0
S,TCG,8.02941020332325e-05
T,ACA,1.18485882885413e-05
T,ACC,0
T,ACG,7.88343854037285e-05
V,GTA,3.26291773660195e-05
V,GTC,0
V,GTG,3.65723302453426e-05
Y,TAC,0
Z,AGC,0
