AA,Codon,Translation_rate
A,GCA,8.83737121382594e-05
A,GCC,0
A,GCG,8.83737121382594e-05
C,TGC,0
D,GAC,0
E,GAA,-0.000323678413566054
F,TTC,0
G,GGA,0.000207555178268251
G,GGC,0
G,GGG,0.000343655564368637
H,CAC,0
I,ATA,0.000329507290458054
I,ATC,0
K,AAA,0.000101176139070226
L,CTA,6.80573148735674e-05
L,CTC,0.000794058040874293
L,CTG,6.80573148735674e-05
L,CTT,0.000794058040874293
L,TTA,4.55142986999774e-05
N,AAC,0
P,CCA,-0.000311584737814246
P,CCC,0
P,CCG,-0.000311584737814246
Q,CAA,-0.000773068201639631
R,AGA,-0.000215900674236235
R,AGG,0.000425933739175858
R,CGA,0
R,CGC,0
R,CGG,0.00880762297192892
S,TCA,0.000111638858441928
S,TCC,0
S,TCG,0.000802941020332325
T,ACA,0.000118485882885413
T,ACC,0
T,ACG,0.000788343854037285
V,GTA,0.000326291773660195
V,GTC,0
V,GTG,0.000365723302453426
Y,TAC,0
Z,AGC,0
