AA,Codon,Translation_rate
A,GCA,0.000455124617512035
A,GCC,0
A,GCG,0.000455124617512035
C,TGC,0
D,GAC,0
E,GAA,-0.00166694382986518
F,TTC,0
G,GGA,0.00106890916808149
G,GGC,0
G,GGG,0.00176982615649848
H,CAC,0
I,ATA,0.00169696254585898
I,ATC,0
K,AAA,0.000521057116211665
L,CTA,0.000350495171598871
L,CTC,0.00408939891050261
L,CTG,0.000350495171598871
L,CTT,0.00408939891050261
L,TTA,0.000234398638304885
N,AAC,0
P,CCA,-0.00160466139974337
P,CCC,0
P,CCG,-0.00160466139974337
Q,CAA,-0.00398130123844409
R,AGA,-0.00111188847231661
R,AGG,0.00219355875675567
R,CGA,0
R,CGC,0
R,CGG,0.0453592583054339
S,TCA,0.000574940120975926
S,TCC,0
S,TCG,0.00413514625471147
T,ACA,0.000610202296859878
T,ACC,0
T,ACG,0.00405997084829201
V,GTA,0.00168040263435
V,GTC,0
V,GTG,0.00188347500763514
Y,TAC,0
Z,AGC,0
