AA,Codon,Translation_rate
A,GCA,0.000883737121382594
A,GCC,0
A,GCG,0.000883737121382594
C,TGC,0
D,GAC,0
E,GAA,-0.00323678413566054
F,TTC,0
G,GGA,0.00207555178268251
G,GGC,0
G,GGG,0.00343655564368637
H,CAC,0
I,ATA,0.00329507290458054
I,ATC,0
K,AAA,0.00101176139070226
L,CTA,0.000680573148735674
L,CTC,0.00794058040874293
L,CTG,0.000680573148735674
L,CTT,0.00794058040874293
L,TTA,0.000455142986999774
N,AAC,0
P,CCA,-0.00311584737814246
P,CCC,0
P,CCG,-0.00311584737814246
Q,CAA,-0.0077306820163963
R,AGA,-0.00215900674236235
R,AGG,0.00425933739175858
R,CGA,0
R,CGC,0
R,CGG,0.0880762297192892
S,TCA,0.00111638858441928
S,TCC,0
S,TCG,0.00802941020332325
T,ACA,0.00118485882885413
T,ACC,0
T,ACG,0.00788343854037285
V,GTA,0.00326291773660195
V,GTC,0
V,GTG,0.00365723302453426
Y,TAC,0
Z,AGC,0
