AA	Codon	Elong_Time
A	GCA	1
A	GCC	0.86042263094719
A	GCG	1.01191908997954
A	GCT	0.85587128795026
C	TGC	1
C	TGT	0.920175007746982
D	GAC	1
D	GAT	1.01288621680975
E	GAA	1
E	GAG	1.06403980638352
F	TTC	1
F	TTT	1.06729271122798
G	GGA	1
G	GGC	0.797626596854852
G	GGG	0.888550659304521
G	GGT	0.710376695873374
H	CAC	1
H	CAT	1.03967933591307
I	ATA	1
I	ATC	0.779176789724227
I	ATT	0.78917800678397
K	AAA	1
K	AAG	0.925322350516326
L	CTA	1
L	CTC	1.12603826950927
L	CTG	1.06934880518212
L	CTT	1.07629609853967
L	TTA	0.973414969583389
L	TTG	0.954015994603125
M	ATG	1
N	AAC	1
N	AAT	1.10565178527743
P	CCA	1
P	CCC	1.14204233618015
P	CCG	1.25241014403660
P	CCT	1.05966081419313
Q	CAA	1
Q	CAG	1.10345267471646
R	AGA	1
R	AGG	1.15011585505452
R	CGA	1.65237183150924
R	CGC	1.09191555442476
R	CGG	1.39026312803697
R	CGT	1.00339170817231
S	TCA	1
S	TCC	0.876927953467049
S	TCG	0.988489686047329
S	TCT	0.87756867421827
T	ACA	1
T	ACC	0.878170990807706
T	ACG	1.01959521022695
T	ACT	0.883096914341913
V	GTA	1
V	GTC	0.851221110659276
V	GTG	0.927681042243765
V	GTT	0.856325095029575
W	TGG	1
Y	TAC	1
Y	TAT	1.09323668507435
Z	AGC	1
Z	AGT	1.01030869273606
