"AA	Codon	rate"
A	GCA	1
A	GCC	1.16221954657231
A	GCG	0.988221301389046
A	GCT	1.16839998499648
C	TGC	1
C	TGT	1.08674979387722
D	GAC	1
D	GAT	0.98727772518187
E	GAA	1
E	GAG	0.939814463707726
F	TTC	1
F	TTT	0.9369500882747
G	GGA	1
G	GGC	1.25371947718786
G	GGG	1.12542823476459
G	GGT	1.40770383630131
H	CAC	1
H	CAT	0.961835024951974
I	ATA	1
I	ATC	1.28340578568046
I	ATT	1.26714124241141
K	AAA	1
K	AAG	1.08070446957431
L	CTA	1
L	CTC	0.888069284213406
L	CTG	0.935148564391663
L	CTT	0.929112352406378
L	TTA	1.02731109675454
L	TTG	1.04820045539803
M	ATG	1
N	AAC	1
N	AAT	0.904443888497028
P	CCA	1
P	CCC	0.875624281447178
P	CCG	0.798460476195869
P	CCT	0.943698197202321
Q	CAA	1
Q	CAG	0.906246387283403
R	AGA	1
R	AGG	0.869477623150057
R	CGA	0.605190660437864
R	CGC	0.915821737265037
R	CGG	0.719288298620121
R	CGT	0.996619756626763
S	TCA	1
S	TCC	1.14034453576987
S	TCG	1.01164434400798
S	TCT	1.13951196000791
T	ACA	1
T	ACC	1.13873039586543
T	ACG	0.980781382620865
T	ACT	1.13237854618165
V	GTA	1
V	GTC	1.17478289421828
V	GTG	1.07795670544406
V	GTT	1.16778079470562
W	TGG	1
Y	TAC	1
Y	TAT	0.914715005133578
Z	AGC	1
Z	AGT	0.989796492091796
